{
    "apic": {
        "area": 8784.5236639362975, 
        "bifurcations": 54, 
        "branches": 109, 
        "diameter effective": 0.3405946750855911, 
        "diameters": [
            0.32276867030965389, 
            0.29999999999999999, 
            2.8999999999999999
        ], 
        "extent euclidean": [
            455.23000000000002, 
            731.80000000000007, 
            244.43000000000001
        ], 
        "extent path": 853.51541120024842, 
        "extent radial": 778.79146958605031, 
        "length": 8209.7605517282263, 
        "order": 23, 
        "stems": 2, 
        "tips": 55, 
        "volume": 1359.8350275768987
    }, 
    "axon": {
        "area": 2596.675724039364, 
        "bifurcations": 36, 
        "branches": 74, 
        "diameter effective": 0.35651415731097308, 
        "diameters": [
            0.29999999999999993, 
            0.29999999999999999, 
            0.29999999999999999
        ], 
        "extent euclidean": [
            603.13, 
            252.91000000000003, 
            142.03
        ], 
        "extent path": 885.80728910592359, 
        "extent radial": 372.33598939667382, 
        "length": 2318.4143945627879, 
        "order": 11, 
        "stems": 36, 
        "tips": 38, 
        "volume": 868.19296706830471
    }, 
    "dend": {
        "area": 5811.0463075152566, 
        "bifurcations": 29, 
        "branches": 62, 
        "diameter effective": 0.36629667620414597, 
        "diameters": [
            0.3088541666666666, 
            0.29999999999999999, 
            1.2
        ], 
        "extent euclidean": [
            314.41999999999996, 
            249.0, 
            136.81999999999999
        ], 
        "extent path": 273.95533308257478, 
        "extent radial": 256.37941883076337, 
        "length": 5049.7686954795854, 
        "order": 6, 
        "stems": 5, 
        "tips": 33, 
        "volume": 2214.1832453483603
    }, 
    "soma": {
        "area": 577.1491768179294, 
        "bifurcations": 1, 
        "branches": 3, 
        "diameter effective": 13.5566, 
        "diameters": [
            13.556599999999998, 
            13.5566, 
            13.5566
        ], 
        "extent euclidean": [
            0.92000000000000004, 
            13.52, 
            0.080000000000000002
        ], 
        "extent path": 6.7757508808987357, 
        "extent radial": 6.7757508808987357, 
        "length": 13.551501761797471, 
        "order": 1, 
        "stems": 3, 
        "tips": 2, 
        "volume": 1956.0451326124855
    }
}